Barangay,Streets
Alicia,"Batangas, Ilocos Sur, Bukidnon"
Amihan,"Palosapis, Anonas, Molave, Narra, Kamias, Patino"
Apolonio Samson,"Acacia Drive, Aniceta, Antonette, Aranzanso St, B. Oliveros, Caroline, Christian, Christine, Church, Cristine, Diamond, Eulogia Drive, Evangeline, Faith, Fountain Drive, Geraldine, Goodwill, Grace Avenue, Josephine, Kaingin Road, Katherine, Lorraine, Madelaine, Magsalin, Mahogany Drive, North Park Drive, Old Samson, Oliveros Drive, Opal, Palm Drive, Q. Baetiong Drive, R. Baetiong, R. Baetiong Drive, Ruby, Samuel Dee, Sapphire, School, South Park Drive, Sunflower Lane, West Riverside St"
Baesa,"C. Asis, Alvador, Baesa Rd, Argao, Argao Street, Caina, 127 Interior, Caroline, Dinar, Dominador, Dominga, F. Carlos, Francisco, Guni-Guni, Howmart Rd, Joaquin, Jojo, Jordan Drive, Jordan Ville, Kapangyarihan, Leland Drive, Liwanag, Lourdes, Luhalhati, M. Pascual St, Macabagdal Rd, Magsaysay, Mang David Rd, Maranagal, Marikit, Masagana, Matilde, Matthew, Maxima, Mendez Rd, MIT, Narra, Osmena, Pacific, Palm Road, Phil. Union College, Pound, Quezon, Quirino Hwy, Qurino, R. Pascual, Retales, Rodriguez Dr, Sab Beda College, Saklolo, Seminary Rd, Simplicia Cir, St Andrew, St Dominic Dr, St James, St John, St Jude, St Paul, St Peter, Tullahan Rd, Villa Arca Ave, Yen"
Bagbag,"Papua, Pantabangan, Primula, Kamabasa, Abbey Road, Bawa, Cactus, Capricorn, Libra, Leo, Saguitarius, Sabila Avenue, Salazar, Morning Glory, Taurus, Gulod Road, Gold, Virgo, Zodiac, Palmera, Marigold"
Bagong Silangan,"Scarlet, Rose, Sunflower, Marigold, Magnolia, Clover, Aster, Love Bird, Mania, Miltron, Mason, Davao, Palawan, Narra Ave."
Bagumbayan,"Achilles, Acropolis Drive, Adonis, Andromeda, Apollo, Atlas, Calle Industria, Calypso Ave, Caruncho Rd, Citywalk 1, Eastwood Ave, Eastwood Palm Tree Avenue, Economia Road, Eulogio Rodriguez Jr. Ave, Garden Road, Green Meadows Ave, JM Basa, Manggahan, Mercury Ave, Obrero, Odysseus, Orchard Road, Penelope Ln, Poseidon, San Gabriel, San Jose, San Pablo St, San Roque Street, Tawiran St"
Bagumbuhay,"Miguel Malvar, Magat Salamat, J. Bugallon, Antonio Luna, F. Castillo, Kalantiaw"
Bahay Toro,"Abagao Alley, Aberdeen St, Actuarial, Acuna Dr, Administration, Aguenda, Alley 1, Alley 2, Alley 3, Alley 4, Alley 5, Apollo St, April Extension, April St, Araw, Asset, Assistant Rd, Auditing Rd, August St, Autumn Dr, Babuyan Alley, Bahay Toro Ave, Batis, Bayanihan St, Benefits, Bituin, Branches St, Brown Swiss, Cadena De Amor, Calla Lily St, Campanula, Cardinal St, Carlos, Carmel Avenue, Cattleya, Claims, Clarion Lily St, Congressional Ave, D. Baguino, Daang Maharlika Hwy, Dahon, Dakilang Lumpo, Dalsol Rd, Delos, Dexter St, Dividends, Dominic I Sub Division, Elegant, Engineering Rd, Estrella, F. Baguino, F. Carlos, F. Herrera, Faith, Fatima Ave, February, Fema Rd, Finance, Francis Dr, Gardenia Circle Road, General Ave, Geronimo, Grant, Grant Ext, GSIS Ave, Hereford St, Hope, Ilang Ilang, Imelda Ave, Insurance, Interior, J. F. Kennedy, J. Kennedy, Jaime, January, Jem Dr, Jersey, Juan, July Ext, July St, June St, Jupiter St, King's Rd, Legal Rd, M. De Ropa, Ma Elena, Ma Victoria, Manager Ave, Marcel Drive, Martin, May St, Medical, Mendez Rd, Mercury St, Mindanao Avenue, Neptune St, November St, Oblates Father St, October St, Ofelia, Pangilinan Dr, Personnel, Policy, Premium St, Production, Property, Pugad Lawin, Queen's Rd, Quirino Hwy, R. Parenas, Rd 11, Rd 12, Rd 12 Ext, Rd 14, Rd 15, Rd 16, Rd 17, Rd 18, Rd 19, Rd 20, Rd 21, Rd 22, Rd 23, Rd 25, Real Estate, Records, Redemption, Retirement, Reyes, Ricardo, Rivera, Road 18 Extension, Road A, Road B, Road C, Robert Kennedy, Rosario, Sacred Heart, Salary, San Andres St, San Beda Rd, San Diego Dr, San Felipe St, Sanggumay, Seminary Rd, Senatorial Dr, September St, Services, Shorthorn St, Simoy, Sinagtala, Sitio Militar, Spring Dr, St Benedict, St Joseph, St Jude Rd, St Mary, St Michael, St Vincent, Sta. Gertrudes, Sto. Domingo, Summer Dr, Tandang Sora Ave, Troy Compound Rd, Uranus Ext, Uranus St, V. Luzon, Villa Socorro St, Vipra, Virginia, Virtue, Visayas Ave, Winter Dr, Wisdom"
Balong-bato,"Maximina, Language, Pilipino, Sampaguita, Reading, Science, Music"
Batasan Hills,"A. Bonifacio, Acacia, Acacia St, Adams, Adler, Afulgencia Dr, Agate, Albany, Almaciga, Almaciga St, Alton St, Amber, Amethyst, Amity Street, Amsterdam St, Angela, Antique St, Antonio Dr, Aphrodite Dr, Apitong St, Apollo, Apollo Dr, Aquamarine, Aramis, Ariane, Arne, Artemis St, Athena Dr, Athena St, Atis, Avery, Bach, Baker, Baltimore St, Banaba, Barcelona, Batasan Hills, Batasan Rd, Batasan-San Mateo Rd, Battalion St, Belfast St, Belgrade St, Bell, Bills St, Blake, Boston St, Brandford, Brisbane St, Bronze, Budapest St, Bunda Dr, Byron, C. Jocson St, Cadmium, Caimito, Calantas, Calle Luz, Calle Victoria, Cambridge St, Cape Town St, Caracas St, Carnelian Street, Cash, Catbalogan St, Channel, Chase, Chico, Chrysolite, Cider, Citrine, Cohen, Comet, Commowealth Ave, Congressional Rd, Copenhagen St, Copper, Cotabato St, Courage St, Crane, Curil, Curtis, Dakila St, Dall, Dalton, Dao, Darwin, Davao Dr, Davis, Day, De Gloria St, De Vera Dr, Dee, Defore, Delhi St, Denver, Denver Loop, Detroit St, Diamond, Diego Silang, Dignity St, Digos St, Dodge, Dona Francesca, Dona Juliana, Dona Justina, Drakkar, Duhat, Dumas, E. Aguinaldo, Earth, Emerald, Emerald Street, Emilio Jacinto St, Eucalyptus, Faith St, Filinvest 1 Rd, Filinvest 2 Rd, Flintlane, Frost, G. Del Pilar, G. Silang, Galaxy, Garnet, Gold, Guijo, Guijo St, Gumamela St, Havana St, Hawaii St, Hercules Rd, Hercules St, Hills Street, Honesty St, Ilang-Ilang, Interin Batasang Pambansa Rd, Ipil, J. Abad Santos, J. Luna, J. P. Rizal, Jade, Jade Street, Jasmin, Jasper, Jupiter, Kabihasnan St, Kagandahan, Kagawad Rd, Kalayaan A, Kalayaan B, Kalayaan C, Kaligayahan St, Kalinisan, Kalusugan, Kamagong, Kamagong St, Kasayahan St, Kasipagan Street, Katarungan, Katipunan Ext, Kaunlaran, Kingston St, Lakatan St, Lanzones, Lapu Lapui, Latundan St, Lisbon St, Livelihood St, Liverpool, London, Luzon, Mabolo, Macopa, Madrid St, Mango, Mapalo Dr, Mars, Masbate St, Matabya St, Melbourne St, Milky Way, Mindoro St, Misamis St, Molave, Molave St, Monaco, Monterey, Montreal St, Moonstone, Morado St, Moscow St, Mount Bolivar, Mount Carmel, Mount Clemens, Mount Elbert, Mount Elgon, Mount Everest, Mount Fairweather, Mount Fuji, Mount Kamet, Mount McKinley St, Mount Morrison, Mount Rindjani St, Mount Rushmore St, Mount Sajama, Mount Sanford, Mount Semeru, Mount Shasta, Mount Vancouver St, Mount Vernon, Mount Whitney St, Mount Willamson St, Mt. Hubbard, Mt. Rainier St, Narra, Narra St, Neptune, Neptune St, New Castle St, Nickel, Nike Dr, Onyx, Opal, Oxwich, Panama St, Pangasinan St, Paris St, Pearl, Pembroke, Pepita St, Platinum, Plymouth St, Pontevedra, Presidential Rd, Queensland St, Raglan, Rolling Lane, Rome St, Rosal St, Rose St, Rossas St, Rowena St, Ruby, Saba St, Saging St, Saigon St, Sampaguita, San Gabriel, Santan St, Santo Nino St, Sapphire, Sapphire St, Saret St, Seattle St, Senatorial Rd, Senorita Street, Session Rd, Singatala St, Southend, Stockholm St, Sunflower, Sunnyside Dr, Sydney St, Tanguile, Tarlac St, Tarnate St, Tatiana, Tokyo, Topaz, Turquise, Venus Dr, Venus St, Vienna, Vista Real Ave, Washington St, Wellington St, Woodstock St, Yakal, Yakal St, Zambales St, Zeus Dr, Zeus St"
Bayanihan,"P. Martinez"
Bagong Lipunan ng Crame,"Mariposa, West Rd., South Rd., North Rd., 2nd Ave, 1st Ave, Liberty Ave, Orestes Ln, Mariposa Loop, Sunrise Dr, Greenview Compound, 3rd Ave, 4th Ave"
Blue Ridge A,"Crestline, Highland, Cliff"
Blue Ridge B,"Milkyway Dr, Twin Peak Dr, Comets Loop, Moonlight Loop, Evening Glow, Starline Road"
Botocan,"Makadios, Bignay, Botocan Rd"
Bungad,"Miller Ave, Bayaya, Victoria, Moore, Rest Haven, Baler, Villegas, Lilibeth, Bulacan"
Camp Aguinaldo,"Col. Bonny Serrano Ave, Arevalo St, Capinpin Ave, Arturo Enrile Ave, Camacho, Crame Ave, Abenida Epifanio de los Santos, De Jesus Ave, Delos Reyes Ave, F. Martinez, General Lim, Gozar, Guido Ave, J. Francisco Ave, Katipunan Ave, Navidad Ave, P. Santos Ave, Pan-Philippine Hwy, Rd 2, Rd 3, Rd 4, Rd 5, Rd 6, Segundo Ave, Solomon, White Plains Ave"
Capri,"Sampaguita, Acacia, Apiton, Mangga, Narra, Atis"
Central,"Mayaman, Kalayaan Ave, Matalino"
Commonwealth,"Don Mariano Marcos Ave, Commonwealth Ave, Doña Carmen"
Culiat,"Anahaw, Admirable Ln, Amethyst, Aldrin, Allan Bean, Anderw, A. Limqueco, Armstrong, Avenue Maria, Borman, Casanova Dr Ext, Cassanova Dr, Cenacle Dr, Central Ave, Charity Ln, Charity St, Charles Conrad, Circumferential Rd 5, Collins, Congressional Ave Ext, Dela Paz, Demetria Reynado, Diamond, Dona Regina, Freedon Ln, G. Ge Jesus, Gen. S. Aquino, General Luna, Golden Lane Morning Star Heights, Hizon Dr, Hope St, Jade, Jasmine, Jose Carlos St, Justice Ln, Ledesma Court Street, Libyan St, Lopez Jaena, Lotus, Love St, Lovell, Macaya St, Magsaysay, Maria Felipe, Maria Manguiat, Mc Divitt, McDivitt, Metro Ave, Morning Star Dr, Mystic Rose Dr, Opal, Osmena, P. Quiambao, Palmera, Paz Isabel St, Paz Isabel St, Peace St, Peaceful Ln, Pines St, Prudent Ln, Pura Villanueva Kalaw, Renowned Ln, Robina, Roxas, Rufo Lane, Salvador Estrada, Salvi, San Agustin, San Ponciano, Santa Felicia, Santa Margarita, St Bernadette, Sta Lucia, Sunriser, T. Alonzo, T. Bugallon, Tandang Sora Ave, Temparence Ln, Teodoro M Kalaw, Teody III, Tulips, Tyrone, Unamed, Union Dr Ext, Valerio Kalaw, Valor Ln, Via Hilario, Via Ramgo, Viola, Visayas Ave, White, Windgate, Z&H"
Damar,"Damoutin, Dadiangas, Damar Loop, Daet, Dalahican, Dampol, Banawe St, Dancalan, Daraga, Dasmarinas, Dayne, Dinalupihan, Donsol, Donsul, Dorado, Sgt. Rivera St"
Damayan,"Don Ramon Street, N. S. Amoranto Sr. Avenue, Pasian Street, Silay Street, Tapi Street"
Damayang Lagi,"10th Street, 14th Street, 9th Street, A. Luna Street, A. Reyes Street, Alley, Balabac Street, Baloy Street, Bayani Road, Bituan Street, Botolan Street, Brixton Hill Street, E. Rodriguez Sr. Avenue, Forest Hill, Gregorio Araneta Avenue, Guirayan Street, J. de la Cruz Street, J. Ruiz Street, Kapiligan Street, La Filonila Street, Landargon Street, Luntan Street, Melanio M. de Salapan Street, Montgomery Road, Palanza Street, Pawai Street, Rosa Roxas Street, Santa Cecilia Street, Santo Niño, Santo Niño Street, Sobrepeña Street, Sunset Hill, Tamar Street, Tomás Argüelles Street, Twin Hill, Ugo Street, Violago Road, Zaragoza Street"
Del Monte,"Alhambra, Apollo, Basinillo, Bernardo, Betinez, Bodino, C. Santos, Caragay, Cooper St, Dagupan, De Vera, Del Monte Ave, E. Riverside, F. Bautista St, Florencia, Flores De Mayo, G. Felipe Sr, Gen. Wood, Gordon, Judge Juan Luna St, Kentucky, Lincoln Street, Macario Rivera Sr, Manalo, Mapalad, Marinduque St, Montemayor Street, Morato Ave, Navarette, Osmena, Paraiso, Pitimini Interior St, Pongco St, Roosevelt Ave, San Antonio, San Francisco, San Joaquin, San Jose, San Pedro, San Pedro Bautista, San Vicente, Santiago, Santillan, Subic, Tolentino, Umali, Valencia, West Riverside, Wilson, Zamora"
Dioquino Zobel,"Dioquino"
Don Manuel,"Lourdes Castillo, Sata, Sto Tomas, Nicanor Ramirez"
Doña Aurora,"Plaridel, N. Ponce, P. A. Paterno, Serrano Laktaw, Lopez Jaena"
Doña Imelda,"Zaragosa, Guirayan, Kapiligan, Palanza, Lantawan, Pawal, ugu, Bayani"
Doña Josefa,"Agno, Kitanlad, Kaliraya, D. Tuazon, Cordillera, Cardiz, Kabignayan"
Duyan-duyan,"Xavierville, Aurora Blvd, Katipunan"
E. Rodriguez,"New York Ave, Imperial, Cambridge, Oxford, Purdue, Sy. Mary, West Point, Montreal, Annapolis, Yale, Columbia, Harvard"
East Kamias,"Annapolis Street, Bernardo Street, Cambridge Street, Colonel Salgado Street, EDSA, Ermin Garcia Street, Imperial Street, K-10th Street, K-3rd Street, K-6th Street, K-7th Street, K-8th Street, K-9th Street, K-G Street, K-H Street, K-I Street, K-J Street, Kamias Road, Kamuning Road, Magsaysay Avenue, Malakas Street, Maliksi Street, Mapagmahal Street, Matipuno Street, Montreal Street, New York Avenue, Purdue Street, Saint Mary Street, West Point, Yale Street"
Escopa 1,"Aguado, Antonio Luna, Cabuco, Callejon, Magat Salamat, Martin Pauza"
Escopa 2,"Angeles, Antonio Luna, Cabezas, Juan Ponce, Padre Burgos"
Escopa 3,"Dagohoy"
Escopa 4,"Alta Vista, Aurora Boulevard, Blue Parking, Esteban Abada, Marcos Highway, Katipunan Avenue, Pud Site, Topside Valley, Vallew View Drive, Villa Aurora, Vista Valley"
Fairview,"Dao, Dahlia, Debussy, Dart, 1st, Abigail, Agens, Aries Lane, Iceland, Ipil, Irma, June, Julius, Kool, Lilim, Lotus, Lyric, Elgin, Escort, Fortune, Fiat, Narra Avenue, North Drive, Mulawin, Mozart, Marlboro, Goldman, Hunter, Holden, Ophei, Cosette, Corvette, Coronet, Sacramento, Titus, Tulip, Viking, Pontiax, Pearl, Rado, Rambler, Salem, Yen, Winston"
Greater Lagro,"Ascension, Kulintang, Bota Flores, kudyapi, Maricudo, Tatlong Hari, Venice, Saint Joseph, Rosa Mistica, Rondalla, Reyna Justicia, Noche Buena, Luningning, Longinos, Lam-ang, Athens, Ati-atihan"
Gulod,"Nellie, St Anthony, Kalayaan, Marcosin, Araceli, San Lazaro, San Pablo, Villareal, Genoveva, San Martin, Sta. Isabel, Sta. Veronica, Sta Maxima, Maganda, Bigasan, Villafor"
Holy Spirit,[Barangay Name],"A. Bonifacio, A. Labrador, A. Luna, Adelfa, AFP Rd, Alley 2, Amethyst Street, Antonio Barreon, Army Rd, Artesia, Artillery Rd, Aurora, B. F. Homes Rd, Besang Pass Rd, Calle Siete, Capas Rd, Cattleya, Champaca, Cherry Blosson, Cirlo, Commodore Rd, Commonwealth Av, Constabulary Rd, Dahila, Dalton Rd, De Leon, Don Armando, Don Asterio, Don Carlos, Don Damaso, Don Diosdado, Don Doroteo, Don Edilberto, Don Elpidio Street, Don Ernesto St, Don Faustino, Don Francisco, Don Gregorio, Don Jose Rd, Don Juan, Don Mario, Don Matias, Don Miguel, Don Narciso, Don Pedro, Don Pio, Don Primitivo, Don Rafael, Don Ramon, Don Renato, Don Romeo, Don Senen, Don Sergio, Don Torribio, Don Vicente, Don Victorino, Don Wilfredo, Dona Felicidad, Dona Isidora, E. Ocampo, Emerald St, Everlasting, F. Sotto, F. Ventura, Faustino, Florentino Chioco, Fort Santiago Rd, General Rd, Guerilla Rd, Gumamela St, H. Moncado, Holy Spirit Drive, Ilang-Ilang, Ilang-Ilang St, Immaculate Concepcion Street, Infantry Rd, J. Hontiveros St, J. M. Aruego, J. P. Rizal, J. Paredes, J. Romeo, Jade St, Jasmine, Jasmine St, Jose C. Locsin, Jose M. Delgado, Juan Ortega, Kaunlaran, Leyte Gulf St, Ligaya, Lily, Luzon Ave, Manuel C. Briones, Marcelino, Marine Rd, Mirasol, N. Romualdez, Navy Rd, Norwalk Rd, Odonnel Rd, Pantaleon Palayo, Paraluman, Paraluman, Pearl St, Rangers Rd, Republic Ave, Ricardo Mepomuceno, Riverside St, Rose St, Ruby St, S. Moldero, Saint Paul Street, Salumbides, Sampaguita Ave, Sampaguita Street, San Isidro St, San Lorenzo Rulz, San Simon, Santa Maria St, Santa Monica St, Santan, Santo Rosario St, Sapphire Street, St. Anthony St, St. Florence Alley, St. Joseph St, St. Joseph-Sta. Catalina Path, St. Michael St, St. Peter St, Sta. Catalina St, Sto. Domingo St, Sto. Ireneo, Teodoro Sandiko, Torrance, USAFFE Rd, Veterans Ave, Vicente S. Encarnacion, Victorino Salazar, Zuzuarregui St"
Horseshoe,"Red Lane, Julieta Circle, Kennedy, Hilltop Drive, Gilmore Avenue, 3rd Street, Balete Drive, Big Horshoe Drive, C. Benitez, Dona Hemady, North Drive, Valentina, Upper Valencia, South Drive, Sunset Drive, Gilmore Avenue"
Immaculate Concepcion,"9th Street, Felix Manalo, Hillcrest, Hibiscus, Poinsettia, Rosal, Rosario Drive, Rustia, Brooklyn, Boston, Cannon, Campanilla, Lantana, Los Angeles, Seattle, Spences, Maryland, Mabolo, Magsaysay Avenue, Acacia, Trinidad, Detroit,Vancouver"
Kaligayahan,"2nd Street, Aberdare Street, Aberdeen Street, Agoo Street, Agropoli Bend, Alloa Street, Amarillo Street, Ambrogio Street, Anna Street, Aries Street, Aringay Street, Bacnotan Street, Bagong Buwan Street, Bahaghari Street, Balaoan Street, Ballater Street, Banbury Street, Bangar Street, Barnet Street, Bauang Street, Bedford Street, Bel-air Street, Belfast Avenue, Benevanto Avenue, Beverly Avenue, Beverly Avenue, Bishop Avenue, Bishop Avenue, Bituin Street, Blackburn Street, Bolton Street, Bradford Street, Brentwood Street, Bristol Street Motors, Broomley Street, Broomley Street, Buckle Street, Bulalakaw Street, Calalang Road, Cambridge Street, Camilo Oasis Street, Cardigan Street, Chesham Street, Chester Field Street, Chestnut Street, Colossians Street, Commonwealth Avenue, Commonwealth Avenue, Cooper Street, Corinthians Street, Damortis Street, Dandelion Street, Dingwall Street, Dudley Street, Eleuterio Cruz Street, Encarnacion Street, Ephesians Street, Escarlata Street, Fairview Terraces Main Entrance, Fairview Terraces Transit Entrance, Filomena Street, Firenze Bend, Galatians Street, Garcia Street, Gemini Street, Genova Avenue, Gramsci Street, Granada Street, Granate Street, Greenwich Street, Habagat Street, Haggai Street, Harlow Street, Harris Street, Hebrews Street, Hilaga Street, Isaiah Street, Junji Street, King Fisher Street, Lantana Street, Leo Street, Lily Street, Luna Street, M. Cruz Street, Madaling Araw Street, Main Street, Maligaya Street, Marytown Circle Extension, Milano Bend, Milford Street, Mindanao Avenue, Morena Street, Moscova Street, Mount Apo Street, Naguilian Street, Napoleon Street, Naranja Street, Neopolitan Avenue, Palmanova Road, Pisces Street"
Kalusugan,"Alexander, Anniston, Atlanta, Birmingham, Bryant, Camden, Clayton, Clubhouse, Colbert, Fairhope Street, Florence, Glenwood, Gregorio Araneta Avenue, Gumamela Street, Irvington, Jasper, Kitanlad Street, Madison, Madison Loop, Montgomery Road, Parking Entrance, Road 1, Road 2, Santa Ignaciana Street, Sheffield Place, Shelby, Trinity Drive, Violago Road"
Kamuning,"Balete Drive Extension, Judge D. Jimenez Street, K-1st Street, K-2nd Street, K-3rd Street, K-4th Street, K-5th Street, K-D Street, K-E Street, Kamuning Road, L. Sanghio Street, Makabayan, Park Avenue, Parkway, Parkway Extension, Rolling Road, Rolling Road Extension, Scout Torillo Street, Scout Ybardolaza Street, T. Gener Street, Tomas Morato Avenue"
Kaunlaran,"3rd Street, Ada Street, Aurora Boulevard, Balete Drive, Betty Go-Belmonte Street, Boston Street, Mangga Street, N. Domingo Street, Natib Street, Saint John Street, Saint Paul Street, Saint Peter Street, San Gabriel Street"
Krus na Ligas,"S Flores, Mapagkumbaba, C. V. Francisco, H. R. Ocampo, V. Manansala, M. Dela Cruz, Fernando, Tiburcio, E. Ramos, Gonzales, S. Salvador, Angeles, Eugenio, B. Baluyot"
Laging Handa,"Aspen Street, Cedar Street, Cypress Street, Don Alejandro Roces Avenue, Maple Street, Marathon Street, Mother Ignacia Avenue, Oak Street, Pine Street, Scout Castor Street, Scout Delgado Street, Scout Doctor Lazcano Street, Scout Gandia Street, Scout Limbaga Street, Scout Lozano Street, Scout Magbanua Street, Scout Reyes Street, Scout Santiago Street, Scout Tobias Street, South EE Street, Wallnut Street"
Libis,"Astoria Street, Colonel Bonny Serrano Avenue, Comets Loop, E. Rodriguez Jr. Avenue, L. Pasco Street, Milkyway Drive, P. Junio Street, P. Mejia Street, Twin Peaks Drive, Yayang Street"
Lourdes,"Abao Street, Apo Street, Blumentritt Street, Cadig Street, Calamba Street, CDC Road, Dapitan Street, Doctor Alejos Street, Don Manuel Agregado Avenue, General Tinio Street, Hernani Street, Iba Street, Ipo Street, Iriga Street, Kanlaon Street, Maria Clara Street, Mayon Street, Musa Street, N. S. Amoranto Sr. Avenue, Nicanor Roxas Street, Pax et Bonum Bridge, Simoun Street, Speaker Perez Street"
Loyola Heights, "A. Melchor, A. Regidor, Alta Vista, Aurora Blvd, Avelino, B. Burgos, B. Gonzales, C. Salvador, College Lane, Esteban Abada St, F. Collantes, F. Dela Rosa, Father Arrupe Rd, Father Masterson Dr, Garcia, Guerrero, J. Bocobo, J. Escaler, J. P. Burgos, J. P. Laurel, Jade, Jesuit Residence Lane, Jocson, Katipunan Ave, Laurel, M. Delos Santos, M. V. Del Rosario, Magsaysay, Mangyan Rd, Marymount, Melissa Dr, Narra, Nicanor Reyes, Osmena, Pajo, Palma, Parade loop, Park 9, President Carlos P. Garcia Ave, Quezon, Quirino, Quisumbing Drive, Rosa Alvero, Roxas, Seminary Rd, T. Evangelista, Thornton Drive, Topside Valley, University Road, Xavierville Ave, Zen Garden Path"
Maharlika,"2nd Street, Andres Bonifacio Avenue, Angelo Street, Apo Street, Avenue C, Binuang Street, General Tinio Street, Kanlaon Street, Lunas Street, Magnas Street, Main Avenue, Malaya Street, Malindang Street, Mayo Street, Mayon Street, Santa Catalina Street, Scout Oscar Magan Alcaraz Street, Speaker Perez Street, Street 20, Street 26, Wakat Street"
Malaya,"Matahimik, Kalayaan Avenue"
Mangga,"Aurora Blvd, 20th Ave"
Manresa,"Abad Santos Street, Andres Bonifacio Avenue, Apo Street, Banal Street, Banawe Street, C-3 Road, C. Arellano Street, D. Tuazon Street, Dagot Street, Del Monte Avenue, F. Torres Street, G. Roxas Street, Igdalig Street, Isagani Street, Latukan Street, Ligaya Street, Makaturing Street, Matutum Street, Mauban Street, Mithi Street, Obudan Street, Panalturan Street, Ragang Street, Santa Catalina Street, Santa Rosa Street, Sapucoy Street, Sergeant Rivera Avenue, Tagdalit Street, Tangali Street, V. Mapa Street"
Mariana,"10th Street, 11th Street, 12th Street, 13th Street, 14th Street, 29 de Agosto Street, 4th Street, 5th Street, 6th Street, 7th Street, 8th Street, 9th Street, A. Juan Street, Acacia Street, Alicia Street, Balete Drive, Bouganvilla, Bright Hill Street, Broadway Avenue, Bunker Hill, Dama de Noche Street, De Leon Street, Doña Hemady Street, Doña Juliana Street, E. Rodriguez Sr. Avenue, F. Santos Street, Felda Drive, Gilmore Avenue, Green Hill, Grey Street, Hibiscus Street, J. Ruiz Street, Lena Hill Street, Lourdes Drive, Magna Hill, Marina Street, Milagros Street, N. Domingo Street, New Jersey Street, Oasis Street, Ohio Street, P. B. Mendoza Street, Park Hill Street, Pennsylvania Street, Pine Hill Street, R. Lagmay Street, Saint Luke, San Jose Drive, Santander, Sunrise Hill Street, Trinity Drive, Twin Hill Street, Victoria Avenue"
Mariblo,"141 Mauban, Araneta Avenue"
Marilag,"A. De Legaspi, A. Novales, Alley 3, Antonio Luna Street, C. Aguinaldo Extension, Callejon Ⅲ, Camerino Extension, Camerino Street, D. Tirona Street, Datu Sumakwel, F. Castillo Street, Jose Maria Hugo Extension, Jose Maria Hugo Street, Lakandula Street, Magat Salamat Street, Nay-Isa, P. Ladia, P. Ocampo Street, Pasaje de la Paz Street, Reverend Garcia Street, Teodora Alonzo Street"
Masagana,"Conchu, J. Perez, A. Rigor, Tamblot, D. Silang, Kalantiaw"
Masambong,"Biak na Bato Street, Binmaka Street, Dagot Street, Del Monte Avenue, Gregorio Araneta Avenue, Mauban Street, Santo Domingo Avenue, Sergeant Rivera Avenue, Valentin Ventura Street"
Matandang Balara, "A. Bonifacio, Acacia St, Ace, Adams Ext, Adams St, Aduana, AFP Road, Aguinaldo, Alpha Dr, Amorsolo, Anda, Area 3, Arsobispo, Ayala Heights Dr, Balagtas, Balintawak, Bataan, Beaterio, Berlin Ave, Biak na Bato, Bonn Ave, Cabildo, Calle Siete, Capitol Hills Dr, Carriedo St, Cayetano Arellano, Celebrity Rd, Clark St, Cologne St, Commonwealth Ave, Corregidor St, Dagohoy, Dao, Dapitan, Del Pilar, Delta Dr, Denmark, Don Antonio Dr, Don Francisco, Don Mariano Marcos Ave, Dona Enrique, Dona Felicidad, Dona Filomena, Dona Pacita, Dona Pilar, Dupax St, E De Leon, Eagle, Emilio Jacinto, Eskwela, Fairway Ave, Feria, Filmore St, Finland, Francisco, Fuentes, Gen. Luna, Geneva Ave, Green, Harrison St, Hernandez, Hillside Ave, Hogan St, Igad Nakpil, Ignacio Ave, Ipil, Iron, J. Luna, J. P. Rizal, Jackson, Jefferson, Jones St, Josefa, Kalamansi St, Katipunan Ext, Kennedy St, Lakandula, Lakas St, Lansang, Laoor Royal, Laura, Lawin, Lisbon Ave, London Ave, Lopez Jaena Street, Luzon Ave, Lyon St, Mabini, Mactan, Madison St, Madrid Ave, Maestranza, Magallanes, Malolos, Malolos Pl, Manansala, Mc Gregor St, McKinley St, Milan St, Molave, Molina, Monroe St, Moscow St, Muralla, N. Susana, Naples St, Narra, Narra St, Norway, Omega Dr, Oslo Ave, P. Burgos, Padre Zamora, Paris Ave, Park, Pentagon Rd, Peru, Pilomena Ave, Pines, Pinnacke St, Pugad, Rajah Soliman, Rd 2, Real, Recoletos, Reyes Aquino, Rome Ave, Romulo, Ryder Loop, S. Edades Dr, Saddlebrook Dr, Samat Rd, Sampaguita St, San Agustin, San Lorenzo, San Lorenzo Rulz, San Sebastian, Sigma Dr, Soliven III Ave, Spain, Spalding St, Sultan Kudarat, Switzerland, Talisay St, Tandang Sora Ave, Tawilis St, Taylor St, Tirad Pass, Tolentino, Townsend St, Trece Martires, Upsilon, Urdaneta, Valencia, Vicente Avenue, Vicente Lim, Victoria, Villa Beatriz, W DeLeon, Walker St, Washington, Watson St, Wood, Yakal, Zurich Ave, Zuzuarregui St"
Milagrosa,"Alimudin, M. Gregorio, F. Salalilla, A. De Legaspi, Legaspi Ext, Reverend Garcia, Delos Reyes, Pasaje Dela Paz"
Nagkaisang Nayon,"135 General Luis Street, A. Bonifacio Street, Abbey Road, Acacia Extension, Acacia Street, Aduana Loop, Ambrosia Street, Apitong Street, Aratilis Street, Area C, Arellano Street, Atlas Road, Babylonia Street, Banahaw Street, Bartolome Drive, Bayabasan Street, Betlehem Street, Bigasan Street, Biglang Awa Street, Blueridge Avenue, Broadway Street, Cadiz Street, Caimito Street, Calugas Street, Camia Street, Carmencita Road, Carnation Street, Champaca Extension, Champaca Street, Charity Street, Chico Street, Col Street, Commissioner Street, Congressman Street, Coral Ville Street, Dahlia Street, Dama de Noche, Dantes, Diego Silang Street, Doña Rosario Street, Domingo Street, Dormitory Road, Duhat Street, E. Aguinaldo Street, E. Quirino Street, Earth Aisle, East Berkeley Street, East Fresno Street, East Los Angeles Street, East Street, Eduardo Street, Egypt Street, Electron Street, Elenita Road, F. Balagtas Street, Faith Street, Fidel Cruz, Fidel Cruz Street, Fremont Street, Friendly Avenue, Garcia Street, General Luis Street, General Malvar Street, General Ricarte Street, Generous Street, Genoveva Street, Gerry Ville Road, Goldmine Street, Governor Street, Granada Street, Gumamela Street, Guyavano Street, Helpful Street, Honesty Street, Ilang-ilang, Ilang-ilang Extension, Ilang-ilang Street, Industrious Street, Ipil-ipil Extension, Ipil-ipil Street, Israel Street, J. P. Laurel Street, J. P. Rizal Street, Jasmin Street, Jordan Street, Joy Street, Juan Street, Kamagong Street, Katipunan Avenue, Katipunan Extension, Langka Street, Lapu-Lapu Street, Lawan Extension, Lawan Street, Lazaro Street, Lily Street, Luisito Street, M. Agoncillo Street, M. Roxas Street, Mabolo Street, Madre Cacao Street, Maganda Street, Magsaysay Avenue, Magsaysay Extension, Mangga Extension, Mangga Street, Marcela Street, Marcos Street, Mecha Path, Merry Mount Street, Minister Street, Molave Extension, Molave Street, Moon Aisle, Morning Sun Street, Mulawin Street, Narra Street, Nazario Street, Neutron Aisle, New Jersey Village, Northwind Avenue, Nuclei Street, Oman Street, Oregon Street, Osmeña Street, P. Macapagal Street, Pablo dela Cruz Street, Pasacola A, Pasacola B, Pasacola C, Pasacola Road, Payapa Street, Pedro Cruz Street, Peter Street, Photon Street, Power Drive, Premier Street, President Street, Princess Urduja Street, Proton Street, Pulong Gubat, Queens Avenue, Quezon Street, Quirino Highway, Quirino Street, Rambutan Street, Recto Street, Reynaldo Street, Rosal Street, Rose Street, Roxas Compound, Saint John Street, Saint Joseph Street, Saint Lukes Street, Saint Mark Street, Saint Matthew Street, Saint Paul Street, Saint Peter Street, Sampaguita, Sampaguita Street, San Luis Street, San Martin Street, San Nicasio Street, Santa Barbara Street, Santa Cruz Street, Santa Isabel Street, Santa Maria Street, Santa Maxima Street, Santa Veronica Street, Santan Street, Senator Street, Severino Street, Sierra Vista Street, Sikatuna Street, South Street, Sundance Drive, Sunset Drive, Syria Street, Talisay Street, Tanguile Extension, Tanguile Street, Tervel Street, Tiesa Street, Tree Aisle, Victoria Road, Villa Nova Avenue, Villaflor Avenue, Villamor Street, Villareal Street, Wales Street, Waling-waling Street, West Fresno Street, West San Francisco Street, West Street, Windy Avenue, Yakal Extension, Yakal Street, Yellowstone Street"
Nayong Kanluran,"Col Martizez, Masbate, Sorsogon, Sulu, Surigao, West Ave, Zamboanga"
New Era,"Lanao St, Central Ave, Kalaw Hill, Commonwealth Ave, Don Mariano Marcos Ave, Libyan St, Abenojar St, Maguindanao St, Redeemer Sr, San Agustin, San Antonio, St Mary's Road, St Peter, St. Joseph, Tandang Sora Ave, Tandang Sora Flyover, Union Dr Ext"
North Fairview,"Adrian Street, Ascencion Avenue, Benton Street, Berlin Street, Braceville Street, Bradford Street, Bradley Street, Brimley Street, Bristol Street, Bronson Street, Bronzetti Street, Brookside Street, Bryant Street, Burke Street, Florence Street, Flores de Mayo Street, Gesu Street, Ipil Street, London Street, Malakas at Maganda Street, Maria Makiling Street, Mimosa Street, Pabasa Street, Palosebo Street, Pamulinawen Street, Pantomina Mayor Street, Panuluyan Street, Panyo Palaran Street, Paris Street, Pintakasi Street, Regalado Highway, Reyna Elena Street, Rome Street, Sabado de Gloria Street, Salubong Street, Santa Cruzan Street, Sarong Bangui Street, Sforza Street"
Novaliches Proper,""1st, 2nd, 2nd Main, A. dela Cruz, A. Mabini, Aberdare, Aberdeen, Abraham St, Acacia, Accountant St, ACF Road, Acropolis, Adam, Adelfa, Adrian, advalorem St, Agoncillo, Agoo, Agora, Aguila St, Aguinaldo Ave, Agusan Del Sur St, Alarka, Alden, Alfa, Algebra Rd, alibang Bang, Alimango, Alley, Alloa, Alma Jose, Almasiga, Alton St, Alzen, Ambrocia, Ambrogio St, Ames, Amethyst, Amethyst Ave, Amor, Amos, Amugis, Anahaw, Anapla, Angela Ave, Anhaw, Anna, Anonas, Anonas St, Antique St, Antler, Antonio Street, Anubing, Anunciation, Apanaf St, Apitong, Apollo, Aprohdite, Aquarius, Aquarius St, Araceli, Aratilis, Aratiles St, Arayat, Arcadia, Archer, Archilles, Argos, Aries, Aries St, Aringay, Arit, Armando Rd, Ascencion, Ascension Avenue, Ascension Street, Ashley, Aspen, Assist St, Assuption St, Assyra, Aster, Asteroid, Astor, Astoria St, Athena, Atherton, Ati-Atihan, Atis St, Atrium, Auburn, Austria, Avalon, Avery, Avocado, Avon, Axtell, Aynor, Ayungin, Azalea, Azucena, Azul, B. Dantes, B. Evangelista Dr, B. Karaan, Babilonia, Babylonia, Bach, Bacnotan, Bacolod St, Badger, Bagang Buwan, Bagong Tulay, Bagtikan, Baguino Torch St, Bahaghari, Baht, Baker, Balagtas, Balaoan, Balite, Ballater, Balubad, Banaba, Banahaw, Banbury, Bangar, Bangkal, Bangus, Banning, Barnet, bascom, Bauang, Bautista, Bayabas, Bayabas St, Bayani, Bayer, Bayes, Bedford, Beethoven, Beethoven St, Begonia Ext, Begonia St, Beirut, Bel Air, Bel-Air, Belen, Belfast, Belton Dr, Benton, Bergal, Bergamo Ln, Bergen, Berlios, Bernardino Rd, Bernardo Carpio St, Beta, Bethel, Bethlehem, Beverly Ave., Bida Sari, Bigaa, Bigasan, Bighani, Biglang Awa, Biglang Awa CPD St, Binayuyo, Biscayne, Bishop Ave., Bituin, Blackburn, Blue Bird, Blue Jay St, Blue Ridge, Blue Sky St, Bluebonnel, Bohol St, Boles, Bolton, Boluva, Boner, Bonifacio St, Boracay St, Bota Flores St, Bougainvilla, Bougainvilla Ave, Braceville, Bradford, Bradley, Brahms, Brentwood, Brera St, Bristol, Bristol St, Broadway, Bromley, Bronson St, Bronx, Bronzetti, Brookside, Brthzaida, Bryan Street, Buckle, Buenamar Dr, Buenamar St, Buho, Buick, Bukaneg, Bulac, Bulak, Bulalakaw, Burbank, Burgos, Burke, Burney, Butler, Byron, C. Francisco, Cactus St, Cadena De Amor, Cainito St, Calaca St, Calbayog St, Caliraya, Camachile, Camachile St, Camarin Ave, Camaro, Cambridge, Camella St, Camia, Camia St, Camilo Osias, Camp Grezar St, Campos Dos, Cana St, Canaan, Candelaria St, Candido, Capital Gain St, Capricorn, Capricorn St, Cardigan, Cardinal, Caridad, Carmel, Carmen Dr, Carmencita, Carnation, Carnation St, Carolina Lane, Carreon Jr. Drive, Castello St, Cathy, Catileya, Cattleya St, Cavalier St, Cedar, Celosia St, Centennial, Champaca, Champaca St, Charlieville, Chelsea St, Cheryl Lane, Chesham, Cheshunt, Chesterfield, Chestnut, Chevelle, Chico, Chikadee, Chopin, Chopin St, Cindy Street, Citizen, Ciudad Verde Ave, Clara, Clarion Lily, Clemente, CM Hoskins, Collection, Colosse, Colossians, Colossus, Colt, Computer St, Concord, Condor, Consolacion St, Consul St, Continental, Contractors St, Contribution, Convent Lane, Cooper, Coral Lily, Cordillera, Corinthians, Cornelius, Coronet, Corpus Christi, Corvette, Cresta Verde Ave, Crispulo St, Crysanthemum St, Crystal, Cuadra Street, Cuisia Ave, Cypress, Cypress St, Daffodil, Daffodils, Dahila, Dahlia Ext, Dahlia St, Dahlia Street, Daisy, Daisy Rd, Daisy St, Dalag, Dalanghita St, Dama De Noche, Dama De Noche St, Damong Maliit Rd, Damortis, Danao St, Dandeleon, Daniel, Daniel St, Daniel Street, Dapdap, Dart St, Datsun, Davao St, David, David Street, Dayap St, De Jesus Compound, Debussy, Del Mundo, Del Nancia Dr, Del Pilar, Dela Cruz, Derby, Dexter, Diamond, Diamond Ave, Diamond Dr, Diamond St, Diego Silang, Diego Silang St, Dinar, Dingwall, Dirham St, Diwata St, Dizon, Dodge, Dollar, Domingo, Domingo de Ramos, Don Alejandro, Don Alfonso, Don Benjamin, Don Ciriaco, Don Crispulo, Don Gerardo, Don Jose Ave, Don Jose St, Don Julio Gregorio, Don Mariano, Don Mariano Marcos Ave, Don Philip, Don Ramon, Don Reymundo, Don Salvador, Don Santiago, Don Vicente, Dona Adela, Dona Aurora, Dona Azucena, Dona Candida, Dona Engracia St, Dona Fidela, Dona Isaura, Dona Juana, Dona Maria, Dona Rosario, Dona Rosario Ext., Dona Sabrina, Dona Teresa St, Dona Victoria St, Donafield Rd, Donors St, Dormitory, Dove, Dove Rd, Dr Villareal St, Drachma, Dudley, Duhat, Dumaguete St, Dumalay, Dumalay, Dumangas St, Dungon, Dunhill St, Duomo St, Durian St, E Los Angeles, E. Aguinaldo, E. Berkely, E. Quirino, Eagle, East St, Eastern 1st, Easton, Eden, Edsel, Eduardo, Egypt, Eleuterio Cruz, Elgin, Elijah, Elineta, Elvazia, Emerald, Emerald St, Emmanuel, Encarnacion, Encarnita St, Engineer st, Engineering, Enoch St, Ephesians, Ephesus, Escarlata, Escort, Esperanza, Espoleto, Estefano, Ester, Evangelista, Everlasting, Everlasting St, Everlasting Street, Excise St, Exodus, Ezekiel St, Ezequiel, F. Calderon, F. delos Santos St, Fairlane, Falcon St, Fatima, Fe, Fercon St, Feria, Ferrari, Fiat St, Fidel Cruz, Fidel St, Flamingo St, Fleur De Lis, Fleurdeliz St, Florante at Laura, Flores de Mayo, Florville Extension, Florville Street, Forbes, Fordham St, Forest Hill Dr, Fortune St, Fortune Street, Fr. Francisco Palau St, Franc, Franchise St, Franco, Franco St, Fuschia St, G. Del Mundo Drive, Galathia, Galatians, Galatians St, Galilee, Galvez Street, Gamma, Gannet, Garcia, Gardenia St, Garnet, Gemini, General Luis, General Malvar, Genesis, Genesis St, Genoveva, Geometry, Georgia St, Geronimo, Gerryville, Gesu St., Gilmore, Ginintuang Landas Street, Gloria, Gold, Gold St, Golden Peacock St, Goldman St, Goldstar St, Gomez, Gomez, Gozum St, Gramsci, Granada, Granate St, Greccia, Greccio, Greece St, Green Peasant St, Greenview Ave, Greenville Dr, Greenwich, Gregorio St, Greystone, Grieg St, Griego, Guijo Street, Guimaras St, Guimbal St, Guinoguitan St, Gumamela, Guyabano St, H Dela Costa Ave, H. Dela Costa Ave, Habagat, Haggai St, Halcon St, Handel, Handiong, Happiness, Happy Street, Harana, Haring Constantino, Haringsilangan, Hariraya, Harlow, Harris, Harvard St, Hayon, Heavenly Dr, Hebrews, Helena, Hercules, Hermano Mayor, Herminia Street, Hilaga, Hillman St, Hito, Hobart, Hosea, Hunter St, Hyacinth St, Ibalon, Ibong Pilak Street, Iceland St, Idang Street, Ilang Ilang, Ilang-Ilang, Ilang-Ilang St, Iloilo St, Impala, Inang Bayan, Income St, Investment, Ipil, Ipil St, Iris, Isaac, Isaiah St, Israel, J. Basa, J. Luna, J. P. Laurel, J. P. Ramoy, J. P. Rizal, Jacinto, Jacob, Jade, Jaguar, Jamaica, Jamaica St, James St, Jaro St, Jasmin St, Jasmine St, Jenemiah, Jeremiah, Jeremiah St, Jerusalem, Job, Job St, Joel, John, John Street, Jonas St, Jordan, Jordan Subd., Jose Abad Santos, Joselito, Joseph, Joshua, Joshua St, Joyville Dr, Juan, Juancho St, Judah St, Juego de Prenda, Junio, Jupiter, Kabagong Tauhan, Kabilogan, Kabuhayan, Kadalagahan, Kakawate, Kalantas, Kalantas Street, Kalap Dr, Kalapati St, Kalayaan, Kalayaan Ave, Kalibo St, Kalinisan, Kalye Uno, Kamachile, Kamagong, Kamatsile St, Kamias, Kamuning, Kanduli, Kaong, Karpa St, Kasoy St, Katiclan St, Katigbak, Katipunan Ave, Katipunan St, Katmon, Katuray, Kawayan, Kaymito, Kent St, Kew Garden St, Kilyawan Street, King Alexander St, King Alexis St, King Charles Ext, King Charles St, King Christian St, King Christopher St, King Constantine Ext, King David St, King Edward, King Ferdinard St, King Fisher, King Francis St, King Frederic, King George St, King Henry st, King James St, Kingfisher, Kingfisher St, Kingspoint Subdivision, Kingston, Kitang, Kool St, Kudyapi, Kupang, La Carlota St, La Mesa Drive, La Mesa Rd, La Mesa Treatment Facility Rd, La Naval, Lakambini, Lakandula, Lam-ang ST, Langka St, Lanite, Lantana, Lanzones, Lanzones St, Lanzones Urdaneta, Lapulapu, Lapu-Lapu, Lapuz, Lauan Street, Lavender St, Laverna, Law, Lawaan, Legal, Leo, Leo St, Leon Cleofas Street, Leyte St, Libra, Libra St, Lilac, Lilac Ave, Lilly, Lily, Linaria St, Lira, Lobella St, Lobella St, London Dr, Longinus, Loro St, Lotus, lou Sheff, Lourdes, Love Birds St, Lovebird, Lucas Cuadra Street, Lucio Cuadro, Lucy, Luisito, Luke, Lumbang, Luna, Luningning, Luz, Lyra St, Lyric, M. Agoncillo, M. Aquino, M. Cruz, M. Dela Cruz St, M. H. del Pilar, M. Quezon, M. Roxas, Maasin St, Mabango, Mabini Drive, Mabolo, Mabolo St, Macapagal, Macopa, Macopa St, Madaling Araw, Madre Cacao St, Magalang, Maganda, Magno St, Magnolia, Magnolia St, Magsaysay Ave, Mahogany, Mahogany Street, Main Rd La Mesa Ecopark, Makabud, Makaya St, Malakas at Maganda St, Malanting, Malibu, Maligaya, Maligaya St, Malipajo Street, Malipaka Street, Mallow, Malvar, Manchester Ave, Mandaue Steet, Mangga, Mangga Ave, Mango, Manila Memorial Rd, Maningning, Maple St, Maraluhat, Marang St, Marcos, Marcosin, Margarita, Maria Makiling, Marian Subdivision, Marianito, Maricudo, Marigold, Marihit Dr, Mariposa, Mariposa Lily, Mark, Mark Ln, Mark Street, Marlboro St, Marra St, Martin St, Martinez, Marytown Circle, Masaya, Masbate St, Masigasig, Matthew, Matthew St, Maximo Drive, Maya Street, Mayang Pula St, Mayapis, Mayflower, Mayflower St, Mayon St, Mayor Adelina Rodriguez, Meadows, Meadows 2 Ave, Medelssohn, Medical, Medicare, Mercury, Merry Mount, Micah, Midway, Milagrosa St, Milano Dr, Milflores, Milford, Mimosa St, Mindanao Ave, Mindanao Avenue, Mining St, Misa de Gallo, Misty, Mocking Bird St, Mockingbird, Molave, Molave Street, Monarda, Morena Blanco, Morning Glory St, Morning Sun, Moscova, Moses, Moses St, Mozart, MRC, Mt. Apo, Mt. Arayat, Mt. Baco, Mt. Carmel, Mt. Cresta, Mt. Elgon, Mt. Fuji, Mt. Iba, Mt. Maliwag, Mt. Mayon, Mt. Pinatubo, Mt. Sajama, Mulawin, Mustang, N. Abelardo St, N. Labayani, N. Quisambing, Naguilian, Naples Ln, Napoleone, Naranja, Narcissus St, Narra, Narra Dao, Narra Street, Natividad Street, Nativity, Naval St, Nazario, Negros Occidental St, Negros Oriental St, Nellie, Nenita, Neopolitan Ave., Neptune, Newport St, Nightingale, Nightingale St, Nitang Ave, Noah, Noah St, Noche Buena, Nohemah, Norguera, North St, Oakville St, Ocean Park Rd, Oddyseus, Old Gold St, Old Sauyo Rd, Oliva Road, Olympus, Oman, Omega Ave, Omicron, Opal, Opel, Orange, Orange St, Orchid, Orchids, Orchids St, Oregon, Oriole, Ormoc St, Oslob St, Oval Drive, P. Burgos, P. Paterno, P. Rivera, Pabasa St, Pablo Dela Cruz, Pagkabuhay Rd, Palermo Ln, Palian, Pall Mall St, Palm St, Palmanova Road, Palmera, Palo Sebo, Palo St, Palosapis, Pamahay Dr, Pamulinawen, Panay St, Panday Pira St, Panglao St, Pantabangan St, Pantomina Mayor, Panyo Palaran St, Papaya St, Papua St, Paquita St, Paraiso, Paris St, Parkland, Parmassus, Parthenon, Pasacola, Pasacola A, Pascual Ave, Passifliora St, Patintero, Patinum St, Patnubay, Paul St, Paxton, Payapa, Peace Street, Peacock Street, Pearl, Pedro Cruz, Penguin, Pension, Percentage St, Percincula, Perugia St, Peseta, Peso, Peter, Peter St, Petronia St, Phillipians, Piedmont St, Piko, Pilarez Drive, Pilaring, Pili, Pine, Pine St, Pink Flamingo St, Pink St, Pintakasi, Pio Street, Pipit St, Pitimini, Pitimini Compound, Pitong Bahay, Pizza, Plaintain Lily, Platinum, Poinsettia St, Pontiac, Pound, Premiere St, Prime Rose St, Primerose, Primrose Rd, Primula St, Prinsipe Tupas, Pugo St, Pugong Ginto St, Pulang Bituin, Queen Rd, Queens, Queens Ville St, Quezon, Quezon City Dr, Quintos Villa, Quirino, Quirino Hwy, R. Humabon, Rachel, Rado, Rainbow St, Rajah Soliman, Rambler, Ramirez, Rand, Ravel, Rd 1, Rd 10, Rd 15, Rd 16, Rd 17, Rd 18, Rd 19, Rd 2, Rd 5, Rd 6, Rd 7, Rd 8, Rd 9, Rd11, Recto, Red Arrow St, Regal Lily, Regalado Hwy, Regina Lane, Remarville 1st, Republic Ave, Reyes Ave., Reyna Elena, Reynaldo, Richland Ave, Ripamonti, Rivera St, Riverdale St, Riverside, Riviera Compound Rd, Riyal, Robertson St, Robin, Rockville Ave, Rojo, Rolex, Romans, Romblon St, Rome, Rondalla St, Rosal, Rosal St, Rosal Street, Rosas, Rose, Rose St, Rosemarie St, Roses Street, Rossini, Rouble, Rowena, Roxas, Roxas St, Ruben Street, Rubia, Ruby, Ruby St, Rugnan St, Rupee, S. Francisco, S. Osmena Sr, S-5th, Sabado de Gloria, Sabila, Sagitarius, Sagittarius St, Saint Andrew Street, Saint Anthony Street, Saint Bartholomew Street, Salambao St, Salawikain, Sales St, Salinas St, Salubong, Salvador Ave, Salvador St, Salvia, Samar St, Sampaguita, Sampaguita St, Sampaloc, Samson, Samuel, San Agustin, San Antonio, San Antonio de Padua St, San Augustine, San Dionisio, San Fenando, San Francisco, San Ignacio, San Jose, San Juan, San Julian, San Lazaro, San Lorenzo Ruiz St, San Luis, San Martin, San Miguel, San Nicholas, San Nicolas, San Pablo, San Pedro, San Placido St, San Sebastian, San Sebastian St, Santa Barbara, Santa Clara Villas, Santa Cruzan, Santa Sabina St, Santan, Santan St, Santol, Santol Dr,"
N. S. Amoranto (Gintong Silahis),"2nd Street, Andres Bonifacio Avenue, Angelo Street, Apo Street, Avenue C, Binuang Street, General Tinio Street, Kanlaon Street, Lunas Street, Magnas Street, Main Avenue, Malaya Street, Malindang Street, Mayo Street, Mayon Street, Santa Catalina Street, Scout Oscar Magan Alcaraz Street, Speaker Perez Street, Street 20, Street 26, Wakat Street"
Obrero,"Christ the King Compound, Doña Hemady Street, Father Martinez Street, Jasmin Street, Magnolia Street, Mahogany Street, Makabayan, Pasonaria Street, Pine Street, Quince Street, Rolling Road, Scout Chuatoco Street, Scout Ojeda Street, Scout Reyes Street, Scout Santiago Street, Scout Tobias Street, Umbel Street, Violeta Street"
Old Capitol Site,"Elliptical Road, Belmonte Tunnel, Kalayaan Avenue, Risen Garden"
Paang Bundok,"Iba Street, Iriga Street, Isarog Street, Bulusan Street, Abao Street, Mariveles Street, Labo Street, Arayat Street"
Pag-Ibig Sa Nayon,"7th Avenue, Abad Santos Street, Andres Bonifacio Avenue, Dalisay Street, Doña Carmen Street, Don Ramon Arce, F. Torres Street, J. Pineda Street, L. Fernandez Street, Ligaya Street, P. Gonzales Alley, P. Gonzales Street, Selecta Drive, Sergeant Rivera Avenue, Yelo Compound"
Paligsahan,"Azucena Street, Doctor G. Garcia Avenue, Don Alejandro Roces Avenue, Hyacinth Street, Mother Ignacia Avenue, P. Florentino Extension, P. Florentino Street, Panay Avenue, Quezon Avenue, Roces Rotonda, Scout Ojeda Street, South A Street, South AA Street, Talayan Road"
Paltok,"Anak Bayan Street, Aragon Street, Baler Street, Basa Street, Benitez Street, Cabotage Street, Canseco Street, Caragay Street, Cooper Street, Del Monte Avenue, Fernando Poe Jr. Avenue, G. Felipe Sr. Avenue, Gomez Street, Guevarra Street, H. Francisco Street, Hernandez Street, Judge Juan Luna Street, Kundiman Street, Matias Street, Mendoza Street, Natividad Street, P. Santillan Street, Paraiso Road, Pitimini Street, San Pedro Bautista Road, San Vicente Street, Santos Street, Tolentino Street, V. Ilagan Street, West Santiago Street, Zamora Street, Zorra Street"
Pansol,"Pugad, Betany, Maranao, Kalinga, Ifugao, Ibanag, Mangyan, Chicago, Norway, Switzerland, Moscow, J.P. Rizal, Biak na Bato, Cayetano Arellano, Mabini, Padre Gomez, Jones"
Paraiso,"G. Felipe, H. Francisco, Cooper, Paraiso, Mapalad, Bodino"
Pasong Putik Proper,"Acacia Street, Accounting Street, Actuary Street, Adelfa Street, Adrian Street, Agropoli Bend, Alarka Street, Alden Street, Alta Street, Alton Street, Alzen Street, Ambrogio Street, Amery Street, Ames Street, Amor Street, Andrew Street, Antler Street, Apo Street, Arayat Street, Archer Street, Argos Street, Ascencion Avenue, Ashley Street, Aspen Street, Astor Street, Athens Street, Atherton Street, Ati-atihan Street, Auburn Street, Austin Street, Avalon Street, Avery Street, Avon Street, Axtell Street, Aynor Street, Azucena Street, Badger Street, Bagtikan Street, Baker Street, Banaba Street, Bangkal Street, Banning Street, Bansalangin Street, Bartholomew Street, Bascom Street, Bayer Street, Begonia Street, Benton Street, Benz Compound, Bergen Street, Berlin Street, Bernardo Carpio Street, Bida Sari Street, Bighani Street, Bingbing Street, Boles Street, Bonner Street, Bota Flores Street, Bougainvillea Street, Braceville Street, Bradford Street, Bradley Street, Bremen Street, Brera Street, Brimley Street, Bristol Street, Bronson Street, Bronx Street, Bronzetti Street, Brookside Street, Bryant Street, Burbank Street, Burke Street, Burney Street, Butler Street, Byron Street, Camaro Street, Camia 1 Street, Campo Verde, Cana Street, Candelaria Street, Caridad Street, Castelo Street, Chico Street, Collection Street, Commonwealth Avenue, Computer Street, Contribution Street, Cordillera, Coronet Street, Corpus Christi Street, Corregidor Street, Cuisia Avenue, Malipajo Street, Mango Drive, Marcelo Street, Maria Alegria Street, Maria Fatima Street, Maria Makiling Street, Maricudo Street, Mark Street, Martirez Street, Mathew Street, Mayon, Melchiorre Street, Milan Street, Milano Drive, Milflores Street, Mimosa Street, Mindanao Avenue, Mindanao Extension, Misa de Gallo Street, Molave Extension, Molave Street, Morning Star Street, Motorola Street, Mustang Street, N. Labayani Street, Namapa Street, Narra Street, Noche Buena Street, Nokia Street, North Ridge Avenue, Ofel, Opal Street, Opel Street, Pabasa Street, Pall Mall Street, Palmanova Road, Palosebo Street, Pamulinawen Street, Pantomina Mayor Street, Panuluyan Street, Panyo Palaran Street, Paris Street, Park Lane, Paseo del Carmen, Paul Street, Paxton Street, Payatas Road, Pearl Street, Peter Avenue, Philip Street, Pintakasi Street, Pitimini Street, Pontiac Street, Pound Street, Putol na Daan, Quezon City Drive, Quirino Highway, R. De Jesus Street, R. Sevilla Street, Regalado Avenue, Regalado Highway, Registration Street, Reyna Elena Street, Reyna Justicia Street, Ripamonti Street, Road 12, Road 5, Roberto Street, Roma Avenue, Rome Street, Rondalla Street, Rosa Mistica Street, Rubia Street, Ruby Street, S. B. Loop, Sabado de Gloria Street, Sagada Street, Saint Anne Street, Saint James Street, Saint Joseph Street, Saint Jude Street, Saint Mary Street, Salambao Street, Salawikain Street, Salcedo Street, Salubong Street, Samat Street, Sampaguita Street, Samsung Street, San Jose Street, San Miguel Street, Santa Cruzan Street, Sapphire Street, Sarong Bangui Street, Scala Street, Secretariat Street, Sforza Street, Sierra Madre Extension, Sierra Madre Street, Siete Palabras Street, Simbang Gabi, Simon Street, Singkil Street, Sitio Ruby Street, Spadari Street, Spiga Street, Sultan Street, Taal Street, Talisay Street, Tatlong Hari Street, Tengao Street, Thadeus Street, Tinagba Street, Tindalo Street, Topaz Street, Tres Marias Street, Triennale Street, Tuntong Langit Street, Turquoise Street, Universita Street, Upper Banahaw Street, Upper Molave Street, Urtola Street, Valencia Street, Varese Street, Varsity Street, Venezia Street, Venice Street, Verso Street, Villanoco Street, Vista Altarez Street, Winston Street, Yakal Street, Zagala Street, Zarzuela Street"
Pasong Tamo,"1st Street, 2nd Street, 3rd Street, 4th Street, 5th Street, 7th Street, 8th Street, Adarna Street, Aguinaldo Street, Akbag Street, Aldrin Street, Alley 2, Alondras Street, Amethyst Street, Antonia Street, APA Compound Lane, Apo Street, Apollo Drive, Aqua Street, Aramis Street, Army Street, Atis Street, Aurelio Street, Aurora Street, Bato-bato Street, Bella Vita Street, Bonifacio Drive, Bonifacio Drive Interior, Bonifacio Street, Borja Street, Bulacan Street, C. P. Garcia Street, Cadena de Amor Street, Caimito Street, Caldencio Street, California Street, Cambridge, Camia Street, Captain F. L. Facia Street, Cartier Street, Catleya Street, Cattleya Street, Cavite Street, Cedarwood Drive, Cenacle Drive, Central Drive, Charity Street, Chesnut, Chicago Street, Chico Street, Coast Drive, Coast Drive Alley, Colonel S. D. Tolentino Street, Columbia, Congressional Avenue Extension, Corina Avenue, Cornell, D. Macapagal Street, Dama de Noche Street, Daniel Street, Diamond Street, Diego Silang Street, Dinar Street, Doña Regina Street, Dollar Street, Don Mariano Street, Drakkar Street, Duke, Dumagat Street, East Drive, Emerald Street, Emilio Street, Eusebio Street, Everlasting Street, F. Marcos Street, F. T. Benitez Street, Fabre Compound, Faith Street, Felipe Street, Fernando Lopez Street, Fernando P. Eugenio Street, Ferndale South, Fernville Street, Fidelity Street, Fordham, Fortune Drive, Franc Street, Francisco Street, Freedom Street, G. de Jesus Street, G. del Pilar Street, Gabriela Silang Street, Garnet Street, General Luna Street, General Malvar Street, General Servillano Aquino Street, Gladiolus Street, Glenn Street, Gloria Drive, Gold Street, Green Acre Street, Harvard Loop, Hermihilda Street, Himlayan Avenue, Himlayan Road, Hope Street, Huk Vet Street, J. P. Laurel Street, Jacinto Avenue, Jade Street, Jasper Street, Josefa Llanes Escoda Street, Juan Maria P. Eugenio Street, Kalantas Street, Kalaw Ledesma Circle, Kasay-kasay Street, Laguna Street, Lathyrus Street, Lawaan Street, Layang-layang Street, Leonora Street, Librada Avelino Street, Lily Street, Liutenant A. Frammel Street, Lopez Jaena Street, Lotus Street, Love Street, Lower Bernardo Street, M. Roxas Street, Mabolo Street, Mac Arthur Street, Macapagal Street, Macopa Street, Magbanua Street, Magnolia Loop, Magre Avenue Extension, Magsaysay Street, Major Marcos Street, Major T. P. Buncay Street, Mangga Street, Manila Street, Mannuel L. Quezon Street, Maria Felipe Circle, Maria Felipe Street, Maria Luisa Street, Maries Drive, Martinez Street, Maya Street, McDivitt Street, Mercury Avenue, Miami Street, Milestone Drive, Molave Street, Nangka Street, Narra Avenue, Navy Street, Nevada Street, New Barangay Road, New Orleans Street, New York Street, Notre Dame, Nueva Ecija Street, Oak Place, Oakwood Street, Olivas Street, Opal Street, Oxford, Palconit Road, Palma Street, Pampanga Street, Pampanga West Street, Panopio Street, Parleros Street, Paterno Street, Peace Street, Pearl Street, Philand Drive, Philand Extension Street, Pilar Hidalgo Lim Street, Pines Street, Pingki-an 1 Central, Pingkian Road, Platinum Street, Pound Street, Princeton, Prudent Lane, Quirino Street, R. Magsaysay Street, Ramax Street, Ramos Street, Redwood Place, Rhea Drive, Riyal Street, Rizal Street, Road 1, Road 2, Road 3, Road 4, Robina Street, Roque Street, Rosal Street, Rose Street, Roxasville Street, Ruby Street, S. Macaya Street, Sagingan Street, Sampaguita Avenue, Sampaguita Street, Sampaloc Street, San Isidro Labrador Drive, San Pedro Street, Sandalwood Drive, Santan Street, Sapphire Street, Sarimanok Street, Schilling Street, Sibad Street, Silverlane Street, Sitio Bacood Street, Sitio Libis, South Drive, Stanford, T. Alonzo Street, Tagak Street, Tandang Sora Avenue, Tarlac Street, Teodoro M. Kalaw Street, Texas Street, Tikling Street, Torrance Street, Torres Bugallon Street, Trinidad Legarda Street, Trinity Drive, Tropical Drive, Tucat Street, Tulay, Tulip Street, Unity Street, Upper Bernardo Street, Urbano Street, Varsity Lane, Varsity Lane Extension, Varsity Lane North, Viola Street, Violet Street, Visayas Avenue, Waling-waling Street, West Drive, Wharton, White Street, Yakal Street, Yale"
Payatas,"Acacia Street, Acorda Street, Agoho Street, Alley A, Alley B, Alley C, Alley D, Alley E, Anahaw Street, Apo Street, Arayat Street, Azucena Street, Banahaw Street, Banawe Street, Bansalangin Street, Batasan Complex Road, Batasan Road, Beginners' Trail, Bert Loop, Bicol, Bicol Extension, Bulacan, Cadena de Amor, Champaca Street, Clemente Street, Cordillera Street, Cresta Street, Dahlia Street, Dama de Noche, Dama de Noche Street, Dinorado Street, Diwata Street, Durian Street, Eagle Street, Empire Hilltop, Fatima Street, Gumamela Street, Halcon Street, Holy Family Street, Ilang-ilang Street, Iloilo Street, Iriga Street, Kamuning Street, Katipunan Avenue, Legaspi, Leyte, Leyte Street, Lunas Street, Mabolo Street, Mahogany Street, Makiling Street, Malaya Street, Mayon Street, Molave Street, Narra Street, Orchids Street, Palayan Street, Palochina Street, Pampanga, Pangga, Paseo del Carmen, Payatas Road, Perimeter Route, Perpetual Help Street, Phase 2, Phase 3 Area A, Phase 3 Area B, Phase 3 Area C Extension, Phase 3 Block 1, Phase 3 Block 3, Phase 3 Block 7, Purok 10, Purok 11, Purok 12, Purok 5, Purok 6, Purok 7, Purok 8, Purok 9, Rose Street, Samar Street, Samat Street, Sampaguita, Sampaguita Extension, Sampaguita Street, San Juan Bautista Street, San Miguel Exterior, San Miguel Street, Sandakot, Santa Fe, Santan Street, Santo Niño Interior, Santo Niño Street, Santo Tomas Street, Secreto de Amor, Sierra Madre Street, Silay Street, Sorsogon, Sorsogon Street, Taal Street, Tanguile Street, View Deck Route, Violago Road, Visayas Street, Waling-waling Street, Wayan Street, Zamboanga Street"
Phil-Am,"Legaspi Rd, Cabanatuan, East Maya Dr, Dansalan Rd, East Lawin, Lipa Rd, Baguito Rd, North Lawin Ave, San Pablo Road, South Lawin, South Maya Dr, Vigan, West Ave, West Lawin, West Maya Dr"
Pinagkaisahan,"Ermin Garcia Ave, Denver, E. Rodriguez Sr. Ave, Detroit, Don Alfredo Egea, Ermin Garcia St, Chicago, Felix Manalo, Judge Jimenez St, Maryland, New Orleans, New York Ave, Pan-Philippine Hwy, Sgt. J. Catolos"
Pinyahan,"Alley 1, Career Street, Centris Avenue, Commerce Avenue, East Avenue, EDSA, EDSA-Quezon Avenue, Elements Street, Enterprise Avenue, Eugenio Lopez Jr. Drive, GMA Network Drive, Gumamela Street, Heroes Street, Mabilis Street, Magalang Street, Magiliw Street, Makatarungan Street, Makisig Street, Malakas Lane, Malakas Street, Maliksi Street, Mapagbigay Street, Mapang-akit Street, Masigasig Street, Matalino Street, Matapat Street, Matatag Extension, Matatag Street, Matimpiin Street, Maunawain Street, Maunlad Extension, Maunlad Street, Mayaman Street, Mother Ignacia Avenue, NIA North Road, NIA Road, NIA South Road, Park Street, Quezon Avenue, Samar Avenue, Scout Borromeo Street, Scout Fuentebella Extension, Scout Rallos Extension, Senator Miriam P. Defensor-Santiago Avenue, Theater Drive, Timog Avenue, V. Luna Road"
Project 6,"A 14, A 15, A 16, A 23, A 24, A 25, A 26, A 27, A 28, A 29, A 30, A 31, A 32, A 33, A 34, A 6, A 8, A 8A, Alley 1, Alley 15, Alley 17, Alley 18, Alley 2, Alley 3, Alley 4, Alley 7, Mindanao Avenue, North Ave, Palawan Street, Rd 1, Rd 10, Rd 11, Rd 13, Rd 16, Rd 2, Rd 3, Rd 4, Rd 5, Rd 5-A, Rd 6, Rd 7, Rd 8, Rd 9"
Quirino 2A,"Chico Street, Kubili Street, Lanzones Street, Marang Street, Pajo Street, Anonas Street/Extension"
Quirino 2B,"Bignay, Durian, Guyabano, Lanzones, Marang, Naranghita, Langka"
Quirino 2C,"Durian Street, Guyabano Street"
Quirino 3A,"Project 3, Anonas, Anonas Extension, Aurora Blvd"
Claro,"Almon, Akle, Narra, Anislag, Almaciga, Aguho"
Ramon Magsaysay,"Abra Extension, Abra Street, Alley I, Antique Street, Cagayan Street, Cavite Street, Congressional Avenue, Corregidor Street, Dangay Street, EDSA-Munoz Pedestrian Footbridge, Fernando Poe Jr. Avenue, Ilocos Norte Street, Ilocos Sur Street, Lanutan Alley, Roosevelt, Santo Niño Street, Seminary Road"
Roxas,"Azucena, Begonia, Cadena De Amor, Champaca, Dahila, Everlasting, Florpina St, Gladiola, Guatemala, Hyacinth St, Jasmin St, Kaliraya Rd, Katuray, Lilac, Madreselva, Magnolia, Narcissus, Olivia, Pasonaria, Sct. Chuatoco St, Sct. Reyes St, Tulip, Umbel, Violeta, Waling-Waling"
Sacred Heart,"11th Jamboree Street, Don Alejandro Roces Avenue, Marathon Extension, Scout De Guia Street, Scout Doctor Lazcano Street Extension, Scout Fernandez Street, Scout Fuentebella Extension, Scout Fuentebella Street, Scout Gandia Street, Scout Limbaga Extension, Scout Limbaga Street, Scout Lozano Street, Scout Torillo Street, Scout Tuason Street, Scout Ybardolaza Street, South J Street, Tomas Morato Avenue"
Salvacion,"2nd Street, Agusan Street, Andres Bonifacio Avenue, Blumentritt Road, Bulusan Street, Calamba Street, Calavite Annex, Calavite Street, Dimasalang Street, Don Manuel Agregado Avenue, Iba Street, Ibarra Street, Isarog Street, Labo Street, Mariveles Street, N. S. Amoranto Sr. Avenue, Retiro Street, Sampaguita Street, Sisa Street, Street 16, Street 38"
San Agustin,"Osmena Right, Magsaysaya, E. Aguinaldo, Diego Silang, Susano Rd, Eden, Paraiso, Clemente, Bethzaida, Jordan, Don Alejandro, Dona Maria"
San Antonio,"A. Cruz, M. I. Del Pilar, Samonte, Montenegro, Lapaz, Domingo, P. Garcia, San Jose, W. Riverside, Sta. Fe, San Antonio, De Jesus, Ana Maria, Esquivel, Eligino"
San Bartolome,"A. Ramirez Street, Abraham Street, Acacia Street, Acme Road, Aguirre Compound, Akasya Street, Alley 1, Alley 2, Alley 3, Amethyst Street, Amity Street, Angela Avenue, Apitong Street, Apollo Street, Aquarius Street, Aries Street, Armando Street, Artemio Street, Atlas Interior, B. Evangelista Drive, Balete Perimeter, Balete Street, Bayani, Begonia Street, Benedicta Street, Benevolence Street, Beta Street, Biglang Awa Street, Black Quail Street, Blue Bird Street, Blue Jay, Blue Street, Bougainvilla Street, Butalid Road, Bvlgari Street, Calugas Street, Camia Street, Capricorn Street, Cardinal, Carlos Extension, Carlos Street, Celina Drive, Champaca Street, Church Perimeter, Condor, Crystal Street, Dahlia Street, Daisy, Daniel Street, David Street, Diamond Avenue, Diamond Street, Dizon Street, Dove, Eagle, Emerald Street, Enoch Street, Ero Street, Esau Street, Escoleto Street, Esperanza Street, Esther Street, Evangelista Street, Ezekiel Street, Ezra Street, F. Ibarra Street, Fe Street, Felipe Street, Felix Street, Fern Street, First Street, Flamingo, Franciscan Street, G. de Leon Street, Gamma Street, Gannet, Garcia Street Extension, Gemini Alley, Gemini Street, Gerry Street, Gold Street, Golden Peacock Street, Goodwill Avenue, Goodwill Perimeter, Gozum Street, Gray Parrot Street, Greccio Street, Green Avenue, Green Peasant Street, Green Street, Gumamela, Hermes Street, Herrera Drive, Holy Cross Road, Hummingbird, Isaac Carreon Street, Isaiah Street, Ivory Street, Jade Street, James Street, Jasmin Street, Jeremiah Street, Job Street, Joel Street, John Street, Jonas Street, Jose P. Laurel Street, Joshua Street, Judah Street, Kalayaan Avenue, Kappa Street, Karaan Street, Katipunan Avenue, Katipunan Avenue Extension, King Alexander Street, King Alexis Street, King Augustus Street, King Augustus Street Extension, King Charles Street, King Charles Street Extension, King Christian Street, King Christian Street Extension, King Christopher Street, King Constantine Street, King Constantine Street Extension, King David Street, King Edward Street, King Ferdinand Street, King Francis Street, King Frederic Street, King George Street, King Henry Street, King Humbert Street, King James Street, King Michael Street, King Oscar Street, Kitty Aisle, L. Figueroa Compound, Lapu-lapu Street, Le Carreon Street, Leo Street, Leon Cleofas Street, Libra Alley, Libra Street, Lilac, Lily, Lime Street, Love Bird, Luke Street, Magno Street, Magnolia, Magsaysay Avenue, Mahogany Street, Manchester Street, Marigold, Mark Street, Martin, Matthew Street, Meadows, Meadows II Avenue, Metro Avenue, Mint Street, Mocking Bird Street, Molave Street, Moses Street, Moss Street, Myrtle Street, Narra Street, New Jersey Village, Nightingale, Noah Street, Noemi Street, Noguera Street, North Point Street, Office Perimeter, Olive Street, Omicron Street, Onyx Street, Opal Street, Orange Street, Orchids, Pablo dela Cruz Street, Pagkabuhay Road, Parrot, Pascual Avenue, Pearl Street, Percincula Street, Peter Street, Pink Flamingo Street, Pink Street, Pisces Alley, Pisces Street, Platinum Street, Quirino Highway, Rainbow Street, Ramirez Street, Ramos Street, Red Macau Street, Remarville Avenue, Rockville Avenue, Rockville Avenue Extension, Roman Street, Rosal Street, Rose, Ruby Street, Ruth Street, Saint Andrew Street, Saint Anthony Street, Saint Bernadette, Saint James Street, Saint Jude Street, Saint Michael Street, Saint Peter Street, Saint Philip Street, Saint Simon Street, Saint Thaddeus Street, Sampaguita Street, Santan Street, Saphire Street, Sapphire Street, Saul Street, Scorpio Alley, Second Street, Seminary Road, Sikatuna Street, Silver Gull Street, Silver Street, Sinforosa Extension Street, Sinforosa Street, Sparrow, Sugar Bird Street, Sweet Pea, T. Carreon Street, Talisay Street, Tamarind Street, Taurus Alley, Taurus Street, Tenorio Urbano Street, Titanium Street, Topaz Street, Tulip, Upper Garcia Extension, Urbano Perimeter, Urcia Street, V. Bernardino Road, Venus Street, Versace Street, Violet Street, Virgo Alley, Virgo Street, Vulture, Waling Waling Street, White Duck, Yakal Street, Yellow Bird Street, Zircon Street, Zodiac Street"
San Isidro,"19 De Agosto, Bagong Buhay, Batanes St, Bayani, Bustamante, Cordilera, Cuatro De Julio, G. Tuazon, Liberation, Luisito, Mata ng Nayon, Nicanor Ramirez, Premero De Mayo St, Romblon St, San Isidro St, Sobriedad, Unang Hakbang, Union Civica, Visayas Ave, Womens Club"
San Isidro Labrador,"A. Maceda Street, Algeciras Street, Andrade Street, Antipolo Street, Aragon Street, Aurora Boulevard, Baco Street, Balaguer Street, Basilio Street, Becerra Street, Blumentritt Road, Calamba Street, Casañas Street, Cavite Street, Craig Street, Crisostomo Street, Dapitan Street, Dimasalang Street, E. Quintos Sr. Street, Elias Street, Halcon 1 Street, Ibarra Street, Instruccion Street, Isagani Street, J. Marzan Street, Kalimbas Street, Karapatan Street, Kundiman Street, Laon Laan Street, Leonor Rivera Street, M. de la Fuente Street, Makiling Street, Maria Clara Street, Mariveles Street, Metrica Street, New Antipolo Street, Retiro Street, San Diego Street, Simoun Street, Sisa Street, Tecson Street, Tiago Street, Vision Street"
San Jose,"Mauban, Dome, Tinagan, G. Roxas, Tangali, Tendido"
San Martin de Porres,"Aurora Boulevard, Batay Street, C. Benitez Street, Cristobal Street, Driod Street, Mayor I.S. Diaz Street, Nicoda Alley, P. A. Bernardo Avenue, Pedro Tuazon Boulevard, San Gabriel Street"
San Roque,"13th Avenue, 14th Avenue, 15th Avenue, 16th Avenue, 17th Avenue, 18th Avenue, 19th Avenue, 1st Camarilla Street, 2nd Camarilla Street, 3rd Camarilla Street, 4th Camarilla Street, 5th Camarilla Street, 6th Camarilla Street, Aurora Boulevard, East Road, General Malvar Avenue, General Romulo Avenue, General Roxas Avenue, Harvard Street, Inocencio, Liberty Drive, M. T. Dioquino Street, Pedro Tuazon Boulevard, Stanford Street, Velante Drive, Yale Street"
San Vicente,"Fatima, Lourdes, Maliwanag, Maayusin"
Sangandaan,"Acuña Street, Agueda Street, Araw Street, Banana Island, Batis Street, Bayanihan Drive, Benefits Street, Claims Street, Cristina Street, Dalsol Street, Dividend Street, Dividends, Dizon Street, Estrella Street, G.S.I.S. Avenue, Grants Street, Insurance Street, Jacqueline Kennedy Street, John F. Kennedy Street, Jojo Street, Loans Street, M. de Ropa Street, M. Ramoy Compound, Manager Street, Medical Street, Mendez Road, P. Rivera Street, Park Lane, Policy Street, Premium Extension, Premium Street, Production Street, Property Street, Quirino Highway, Real Estate Street, Redemption Street, Retirement Street, Road 12 Extension, Road 20, Road 23, Robert Kennedy Street, Rodriguez Compound, Sacred Heart Street, Saint Benedict Street, Saint Joseph Street, Saint Mary Street, Saint Michael Street, Saint Vincent Street, Sampalocan Street, Services Street, Short Horn Street, V. Luzon Street"
Santol,"Bayani, Botolan, Brixton Hill, Casiama, Conception, Daguna, Gregorio Araneta Ave, Imugan, Landargun, Puray, Lunda Road, Madiac, Magsaysay Blvd, Palanza, Rosa Roxas, Santol St, Silencio, T. Arguelles, Tamar, Tomas Arguelles"
Sauyo,"1st Laguna Street, 2nd Laguna Street, Abbey Road, Acacia Street, Ad Valorem Street, Aganan Street, Agno Street, Agos Lane, Agusan Street, Algebra Street, Alimango Street, Allah Circle, Allah Street, Almagica Street, Angat Street, Annalisa Street, Aplaya Street, Aries Street, Arsenio Street, Arty 2 Road, Aster Street, Astoria Street, Barit Extension, Barit Street, Bataan Street, Bawa Street, Beethoven Street, Biya Street, Blue Sky Street, Bluebird Street, Bougainvilla Street, Bucao Street, C. Francisco Street, Calaca Street, Calla Street, Camia Street, Camiling Street, Candido Street, Capital Gain Street, Capizan Street, Capricorn Street, Carnation Street, Castle Street, Cedar Street, Celosia Street, Champaca Street, Charleville Street, Chestnut Street, Chico Street, Chopin Street, Clifton Street, Cotabato Street, Crocus Street, Cura Lane, Cypress Street, D. Muñoz Street, Daffodils Street, Dahlia Avenue, Dahlia Extension, Daisy Extension, Daisy Street, Dalag Street, Dao Street, De Vega Compound, Depot Street, Derby Street, Diamond Street, Dinar Street, Doña Angeling Street, Doña Asuncion Street, Doña Consuelo Street, Doña Fildela Street, Doña Juana Street, Doña Juana Street Extension, Doña Sabrina Street, Doña Segundo Street, Doña Teresa Street, Dollar Street, Dolores Street, Don Jose Street, Don Julio Gregorio Avenue, Don Julio Gregorio Street, Don Raymundo Street, Don T. Lectura Street, Don Vicente Street, Donors Street, El Capitan Street, Elm Street, Emerald Street, Erwin Street, Excise Street, F. del Mundo Street, Fercon Street, Florville Street, Florville Street Extension, Fordham Street, Franchise Street, Franco Street, Fuschia Street, Galatian Street, Garland Street, Genesis Street, Geometry, Georgia Street, Ghana Street, Glenmont Circle, Gold Street, Greece Street, Greenland Street, Greenlane Street, Greenview Avenue, Greenville Drive, Greg Street, Grenada Street, Guadaloupe Street, Hammer Road, Harlington Street, Harvard Street, Hikom Street, Hito Street, Ibayo Ⅱ Street, Ilang-ilang Street, Income Street, Ipil-ipil Street, Jade Street, Jalaur Street, Jalaur Triangle, Jamaica Street, Jasmin Street, Jean Street, Jeremiah Street, Kanduli Street, Karen Street, Law Street, Leo Street, Liberty Street, Libra Street, Lilac Street, Linaria Street, Lionel Street, Lipton Street, Lobella Street, Los Alamos Street, Los Olivos Street, Lupinus Street, M. Gabriel Street, Magat Street, Magnolia Street, Main Avenue, Main Street, Malachi Street, Malasila Street, Malaya Street, Maligaya Street, Manchester Street, Maranding Street, Marbel Street, Maria Cristina Street, Marian Street, Marianito Street, Matimtim Street, Mayor Adelina Rodriguez Avenue, Merryland Street, Mindanao Avenue, Mining Street, Monroe Street, Mozart Extension, Mozart Street, MWSS Service Road, Naga Street, Nashville Road, Naval Extension, Naval Street, New Garden Street, Nuclear Street, Old Sauyo Road, Orchid Street, Orchids Street, Painty Street, Palico Lane, Pantabangan Street, Paris Street"
Sienna,"Banawe Street, Cetacio Street, Cordillera Street, Cresta Street, D. Tuazon Street, Del Monte Avenue, Linaw Street, Malaya Street, Matutum Street, N. S. Amoranto Sr. Avenue, Palali Street, Palanan Street, Pao Street, Patok Street, Santa Catalina Street, Scout Oscar Magan Alcaraz Street, Sibuyan Street, Sicaba Street, Tabayoc Street, Ubay Street"
Sikatuna Village,"Anonas Street Extension, Kalayaan Avenue, Kamias Road, Maamo Street, Madasalin Street, Malaya Street, Malumanay Street, Maningning Street, Mapagkumbaba Street, Mapagsangguni Street, Masunurin Street, Matahimik Street, Matipid Street, V. Luna Road, V. Luna Road Extension"
Silangan,"Illinois, Albany, Ermin Garcia Ave, Aurora Blvd, Columbia, K-J St, 15th Ave, La Salle, Miami, Notre Dame, Pittsburgh, Potsdam"
Socorro,"10th Avenue, 11th Avenue, 12th Avenue, 3rd Avenue, 4th Avenue, 5th Avenue, 6th Avenue, 7th Avenue, 8th Avenue, 9th Avenue, Annapolis Street, Araneta - Cubao Footbridge, Aurora Boulevard, C. Benitez Street, Cambridge Street, Central Avenue, E. Rodriguez Sr. Avenue, EDSA, EDSA-Bonny Serrano Footbridge, General Aguinaldo Avenue, General Araneta Avenue, General MacArthur Avenue, General Malvar Avenue, General Romulo Avenue, General Roxas Avenue, General Santos Avenue, Irid Street, Justice Lourdes Paredes San Diego Avenue, Liberty Avenue, Malabito Street, Mataba Street, Matulin Street, North Road, P. A. Bernardo Avenue, Pedro Tuazon Boulevard, Pinatubo Street, Planas Ⅰ, Planas Ⅱ, Real Avenue, South Road, Times Square Avenue, Zambales Street"
South Triangle,"11th Jamboree Street, Eugenio Lopez Jr. Drive, Examiner Street, GMA Network Drive, Mother Ignacia Avenue, Panay Avenue, Quezon Avenue, Scout Albano Avenue, Scout Bayoran Street, Scout Borromeo Street, Scout Madriñan Street, Scout Memorial Circle, Scout Rallos Street, Scout Santiago Street, Scout Tobias Street, Scout Tuason Street, Scout Ybardolaza Street, Sergeant Esguerra Avenue, Sergeant Esguerra Footbridge, Timog Avenue, Tomas Morato Avenue, West 4th Street, West 6th Street"
St. Ignatius,"1st, 2nd, 3rd, 4th, Jamaica, Riverdale, Astoria, Riviera, Fordham, Harvard, Katipunan Ave"
St. Peter,"Pao, Palanan, Sicaba, Sibuyan, Matutum, Patok Road, Sta Catalina, Linaw"
Sta. Cruz,"Gen Lim, Gen Segundo, Col. Ozamis, Gen Lim, Jose Abad Santos, Vinzons, Gen De Jesus, Ablan, Gen. Segundo"
Sta. Lucia,"Simeon Castro. F. Calderon, Agoncillo, Donafield Rd, Galvez, Balagtas, Rajah, Agoncillo, Malvar, J. Basa, Naning Ponce, Bonifacio, A. Mabini, J.P. Rizal, Visayas"
Sta. Monica,"Joshua, Job, Salvador Ave, Violeta, Granada, Escarlata, Villa Verder Ave, Naranja, Morena Blanco, Mt. Apo, Mt. Baco, Mt. Cresta, Mt. Everest, Mt. Mayon, Mt. Pinatubi, Mt. Iba, Mt. Malinang, Mt. Fuji, Dona Adela, Don Santiago, Jamaica, Don Ciriaco, Agoncillo, Canuto Dumalay, Quirino Hwy, Tomas Geronimo, Joel. Ephesians, Colossians, Mt. Elgon, Mt. Carmel, Cresta Verde Ave"
Sta. Teresita,"Mayon, Dapitan, Nicanor Roxas, Kanlaon, Apo, Isarog, Iriga"
Sto. Cristo,"Ilocos Sur, Ft Santiago, Negros, Misamis, Iloilo, Lanao, Pampanga, Golden Acres, South Rd"
Sto. Domingo (Matalahib),"AIB - Sagada Street, Atok Street, Biak na Bato Street, Calamba Street, Dapitan Street, Don Manuel Agregado Avenue, Don Pepe Street, Don Ramon Street, Gregorio Araneta Avenue, Maria Clara Street, Nicanor Roxas Street, P. Florentino Street, Samat Street, Santo Domingo Avenue, Simoun Street, Tirad Pass Street"
Sto. Niño,"Bagong Buhay, Batanes St, Bayani, Blak na Bato, Cuatro De Julio, G. Sanciangco, Inocando, L. Roces, Liberation, Luzon Ave, Madiasas, Mindanao Ave, P. H. De Tavera, Podaca St, San Cristobal, San Isidro St, Santol St, T. Pinpin, Unang Hakbang, Union Civica, Visayas Ave, Womens Club"
Tagumpay,"21st Ave"
Talayan,"Del Monte Ave, C. Adan, Catmon, Calamba St, Caraballo, Don Ramon, Besang Pass, Manikling St, Maria Clara St, P. Florentino St, Pasian, Sabrang, Silay, Simbal, Talayan Rd, Tapi"
Talipapa,"38th Street, Acuña Street, Aguila Street, Alimasag Street, Apahap Street, Arty 2 Road, Aurigue, Ayungin Street, Bangus Street, Belton Drive, Bisugo Street, Branches, Branches Avenue, C. Francisco Street, Cadaing Street, Camia Street, Campo 1, Carnation Street, Carreon Jt Drive, Champaca Street, Dama de Noche Street, Del Mundo Street, Del Nacia Drive, Dela Cruz Street, Diamond Street, Don Raymundo Street, G. del Mundo Drive, Galguerra Drive, J. P. Ramoy Street, Kalapati Street, Karpa Street, Katipunan Avenue, King's Road, Kitang Street, Libra Street, Llano Street, Loro Street, Magnolia Place Drive, Magnolia Street, Makaya Street, Maligaya Street, Marcel Drive, Mindanao Avenue, MRC Street, Old Sauyo Road, Oliva de los Santos Street, Piko Street, Pipit Street, Pugo Street, Queens Road, Quirino Highway, Ramos Street, Rolex, Rook's Road, Rosal Street, Rufina Street, Sagittarius Street, Saint Andrew Street, Saint Anthony Street, Saint Charbel Street, Saint Charies Street, Saint Frances Street, Saint Gregory Street, Saint James Street, Saint Joseph Street, Saint Louis Street, Saint Matthew Street, Saint Michael Street, Saint Simon Street, San Leon Street, San Lorenzo Ruiz Street, San Sebastian Street, Santa Sabina Street, Sapsap Street, Siklot Street, Sipa Street, Sungka Street, T. H. Dela Cruz Street, Tamban Street, Tandang Sora Avenue, The Junction Parkway, Topaz Street, Victorino Street, Virgo Street, Waling-waling Street, Yoyo Street"
Tandang Sora,"1st Laguna Street, 2nd Laguna Street, Acuna Dr, Aganat St, Agno St, Agusan St, Alcantara St, Allah St, Allajur St, Ambuklao St, Angat St, Aplaya St, Aries St, Arimado St, Auditing, Australia St, Bagatua Compound, Banlat Rd, Banlat St, Binga St, Bituin, Botocan St, Brillante Road, Brilliante, Brunei St, Bulova St, Calaca St, Caliraya St, Calle Real, Camelia St, Camiling St, Capricorn St, Carnation St, Caroline St, Cattleya, Chico Dr, College Dr, Cometa, Cornus St, Creekside De, Cucurbeta St, D. Munoz Avenue, Daffodil, Daisy, Dao, Daylily, De Jesus St, Denmark St, Diamond, Diamond St, Dimasalang, Dinar St, Dingle St, Don Felipe Street, Don Jose St, Dona Sotera St, Edward St, Elias St, Emerald St, Escarlata, Esmeralda Rd, Evergreen St, Fercon Street, Fern, Florencio Lerma, Florville Extension, Florville Street, Franc St, Garcia St, Gen. Fullon, Gen. M. Hizon, Gen. Torres St, General Ave, General Martin, General Santos ST, Gloria Ave, Gold Street, Golden Street, Green Fields St, Green Forest St, Green Grass St, Green Ln, Green Ln St, Green Plain St, Green Valley St, Greenhills St, Greenleaves, Greenview Ave, Grem, GSSEA St, Guevarra St, Himlayan Road, Investment, Ipil, Ivory Street, Jacqueline St, Jade, Jade St, Jocson St, John St, Jovan St, Kalayaan St, Kennedy Dr, Landcom E, Landcom S, Landcom W, Lazaro, Leo St, Libra St, Loboc St, Longines St, M. Aquino St, Macban St, Magat St, Magdalo, Magdiwang, Malaya St, Maranding, Marbel Rd, Maria Christina St, Mars St, Matville, Mayor Adelina Rodriguez, Melguas, Mercury St, Metropolitan St, Molave, Naga St, Narra, Neptune St, North Rd, Orchids, Palimpinon St, Palm, Pangilinan St, Pantabangan St, Patrick St, Pearl, Peso St, Platinum St, Reynaldo, Rolex St, Roque Dr, Rosal, Ruby, Rugnan St, Sagittarius St, Saint Martin, San Andres St, San Beta Rd, San Felipe St, San Isidro, San Marcelino, San Martin, San Narciso, Sapphire St, Sarmiento St, Saturnina St, Sevilla Street, Siffu St, Siluay St, Silver St, ST Bernard, St Charbel St, St Charles, St Gabriel, St Gregory, St Joseph St, St Joseph Townhomes Rd, St Jude, St Matthew St, St Michael St, St Simon St, Sterling St, Sunshine, Tala, Tanada St, Tandang Sora Ave, Taurus St, Teotimo, Tiwi St, Tongonan St, Torres Dr, University Ln, Upper Banlat St, Venus Rd, Venus St, White, William St, William St Ext, Yellow Street"
Tatalon,"E. Rodriguez Sr. Ave, Banawe St, Cardiz, Batulo, BMA Ave, Elga Ave, Agno Ext, Galilan, Gregorio Araneta Ave, Kabignayan, Kaliraya Rd, Kitanlad, Manungal, Mazaraga, ROTC Hunters, St. Anthony, St. James, St. Joseph, St. Mary, St. Paul, St. Peregrine, St. Vincent, Tuayan, Victory Ave"
Teachers Village East,"Maginoo, Masigla, Masikap"
Teachers Village West,"Kalayaan Avenue (secondary), Maalahanin Street, Mabait Street, Mabuhay Street, Madasalin Street, Maginoo Street, Mahabagin Street, Mahiyain Street, Maimpok Street, Malihim Street, Malingap Street, Malumanay Alley (tertiary), Malumanay Street (service), Mapagkawanggawa Street, Maparaan Street, Masambahin Street, Masigla Street, Matahimik Street, Matimtiman Street, Matino Street, Matipid Street, Matiyaga Street"
Ugong Norte,"Abenida Epifanio De Los Santos, Abueva St, ADB Ave, Amorsolo St, Arcadia Ave, Bautista St, Bluebird St, Castrillo St, Cesar Legaspi St, David, Don Vicente Madrigal Ave, Don Vicente Rufino Ave, Dove St, E. Abello, Edades, Eulogio Rodriguez Jr. Ave, Flamingo St, Flicker St, Francisco, Fuentes, Gajo, Giraffe, Green Meadows Ave, Hechanova St, Heron St, Hornbill, Imao, Joaquin, Joya, King Fisher St, Lark St, Lovebird St, Luna, Luz, Luz Cir, Madrigal Cir, Manansala, Navarro, Nightingale St, Nuyda, Ocampro, Oriole, Ortigas Ave, Owl, P. Poveda Road, Panther Rd, Parakeet, Parking Access Rd, Paterno Cir, Pelican St, Perez Circle, Querubin Cir, Rocces Cir, Sanso, Sparrow St, Susana Paterno, Swallow Dr, Swan St, Tabuena, Temple Dr, Warbler St, White Plains Ave, Whitefield Ave, Woodpecker St, Yap, Young, Zalameda St"
Unang Sigaw,"Lakad, Jovita, E. Service Rd, W. Service Rd"
U. P. Campus,"CAL footway, E. de los Santos Street, Emilio Jacinto Street, Lakandula Street, M. Roxas Avenue, Magsaysay Avenue, Osmeña Avenue, R. P. de Guzman Street, T. M. Kalaw Street, University Avenue, Ylanan Street"
U. P. Village,"Alley 22, Alley 44, Carlos P. Garcia Avenue, Fatima Street, Maalindog Street, Maayusin Extension, Maayusin Street, Maginhawa Street, Magiting Street, Maharlika Street, Mahinhin Street, Mahiyain Street, Mahusay Street, Makatarungan, Malambing Street, Malamig Street, Malinis Street, Maliwanag Street, Malumanay Street, Malusog Street, Manigo Street, Mapagkawanggawa Street, Mapayapa Street, Marilag Street, Masaya Interior, Masaya Street, Matahimik Street, Matimtiman Street, Matiwasay Extension, Matiwasay Street, Mayaman Street, Mayumi Street"
Valencia,"N. Domingo, Valencia, Granada, Villa Ortigas, First, Don Gonzalo, Gilmore Townhomes, 1st"
Vasra,"Alley 15, Alley 16, Alley 17, Alley 18, Alley 19, Alley 33, Alley 34, Alley 8, Alley 8-A, DA Access Road, DANR Street, DENR Road, Elliptical Road, MGB, MGB Road, North Avenue, Palanas Alley, Plant Industry Street, QMC Bicycle Road, Road 1, Road 10, Road 3, Visayas Avenue"
Veterans Village,"Adams Street, Alibangbang Street, Anahaw Street, Aramismis Street, Bakawan Street, Balingbing Street, Bansalangin Street, Batangas Street, Calumpit Street, Danupra Street, Duhat Street, Esmeraldo Beltran Street, Evardoni Street, Fernando Poe Jr. Avenue, Fulgencio Street, Judge Juan Luna Street, Kalamansanay Street, Kalyos Street, Kawayan Street, Lanete Street, Lanutan Street, Lopez Street, Mabolo Street, Malunggay Street, Mangachapoy Street, Mangga Street, Marcelo H. del Pilar Street, Miller Street, Montenegro Street, Narig Street, Pagatpat Street, Palomaria Street, Ricardo Street, Road A, Road B, Robina Street, Saleng Street, San Antonio Street, Sanchez Street, Santa Ana Street, Supnet Street, Tanguile Street"
Villa Maria Clara,"P. Tecson, Tomas Mascardo, Alvarez, J.P. Rizal, P. Pelaez"
West Kamias,"K-9th, K-10th, K-8th, K-6th, K-7th, Kamias Rd, Colonel Salgado, Kamuning Flyover, K-G, K-H, Pan-Philippine Hwy"
West Triangle,"Evening News, Bulletin, Dalisay, Chronicle, Daily Mirror, Examiner, Bayanihan, Free Press, Kayumanggi, Ligaya, Liwayway, Mabuhay, Marikit, Pan-Philippine Hwy, Quezon Ave, T. Bentinez, Times, West 4th, West Ave"
White Plains,"1st Street, Charlieville Street, Dainty Street, Derby Street, Fordham Street, Goldstar Street, Greystone Street, J. Francisco Avenue, Joey Lane, Katipunan Avenue, Kingsville Street, La Creperie Parking Driveway, Nathan Street, Pinesville Street, Queensville Street, Roseville Street, Sarangaya Avenue, Segundo Avenue"